Society,Year,Type_of_Society,Time_Type,Military_Status,Population,Overall_War_Group_Size_W,X_(W),LNP,LNW,W.P,X (W),
Afghanistan,2014,State,Contemporary,1,27101365,331100,0.874649053,17.11509465,12.71017572,0.0122,0.874649053,0.881594775
Albania,2014,State,Contemporary,0,2893005,19750,0.816681849,14.87780631,9.89090877,0.0068,0.816681849,0.846401651
Algeria,2014,State,Contemporary,1,39500000,423500,0.869883295,17.49181123,12.95630879,0.0107,0.869883295,0.873572971
Angola,2014,State,Contemporary,0,24383301,117000,0.81892644,17.00940907,11.66992921,0.0048,0.81892644,0.825767492
Antigua and Barbuda,2014,State,Contemporary,0,86295,245,0.682835372,11.36552694,5.501258211,0.0028,0.682835372,0.795983147
Argentina,2014,State,Contemporary,0,43131966,104340,0.785842579,17.57977495,11.55541008,0.0024,0.785842579,0.787112597
Australia,2014,State,Contemporary,0,23847700,80362,0.797884504,16.98719833,11.29429671,0.0034,0.797884504,0.80558903
Bahamas,2014,State,Contemporary,0,377374,860,0.702162106,12.84099202,6.756932389,0.0023,0.702162106,0.783830385
Barbados,2014,State,Contemporary,0,285000,1040,0.732987453,12.56024446,6.946975992,0.0036,0.732987453,0.810092183
Belgium,2014,State,Contemporary,0,11248330,35736,0.784900912,16.23573023,10.48391386,0.0032,0.784900912,0.802273596
Belize,2014,State,Contemporary,0,358899,1750,0.760460604,12.79079629,7.467371067,0.0049,0.760460604,0.826696035
Benin,2014,State,Contemporary,0,10315244,7250,0.690333165,16.14913336,8.888756748,0.0007,0.690333165,0.721873882
Bhutan,2014,State,Contemporary,0,763200,9000,0.839001432,13.5452754,9.104979856,0.0118,0.839001432,0.879414327
Bolivia,2014,State,Contemporary,0,11410651,83200,0.836214149,16.25005778,11.32900263,0.0073,0.836214149,0.850311687
Bosnia and Herzegovina,2014,State,Contemporary,0,3791622,10500,0.760392437,15.14830445,9.259130536,0.0028,0.760392437,0.794596669
Botswana,2014,State,Contemporary,0,2056000,10500,0.792407807,14.53627291,9.259130536,0.0051,0.792407807,0.829378704
Bulgaria,2014,State,Contemporary,0,7202198,355600,0.952576674,15.78989682,12.78156178,0.0494,0.952576674,0.972133736
Burkina Faso,2014,State,Contemporary,0,18450494,11450,0.693655304,16.7306017,9.345745009,0.0006,0.693655304,0.715611136
Burundi,2014,State,Contemporary,0,9823827,51050,0.813653726,16.10032132,10.84056082,0.0052,0.813653726,0.830388446
Cambodia,2014,State,Contemporary,0,15405157,191300,0.871355786,16.55021288,12.16159816,0.0124,0.871355786,0.88260151
Cameroon,2014,State,Contemporary,0,21143237,23100,0.729663667,16.86683065,10.0475879,0.0011,0.729663667,0.744512653
Canada,2014,State,Contemporary,0,35750600,147500,0.814227568,17.39207761,11.90158345,0.0041,0.814227568,0.81708428
Cape Verde,2014,State,Contemporary,0,518467,1200,0.710529991,13.15863166,7.090076836,0.0023,0.710529991,0.784681582
Chile,2014,State,Contemporary,0,18006407,143771,0.84612122,16.7062382,11.87597703,0.008,0.84612122,0.855733124
Costa Rica,2014,State,Contemporary,0,4773130,9800,0.74452344,15.37851283,9.190137665,0.0021,0.74452344,0.778127639
Cote D'Ivoire,2014,State,Contemporary,0,22671331,28550,0.739164245,16.93661173,10.25941222,0.0013,0.739164245,0.751952297
Czech Republic,2014,State,Contemporary,0,10537818,26750,0.770157382,16.17048106,10.19428975,0.0025,0.770157382,0.789771323
Dominican Republic,2014,State,Contemporary,0,10652000,39500,0.793731944,16.18125823,10.58405595,0.0037,0.793731944,0.811003752
Ecuador,2014,State,Contemporary,0,15539000,176983,0.866202836,16.55886355,12.08380896,0.0114,0.866202836,0.877277193
Equatorial Guinea,2014,State,Contemporary,0,1430000,3320,0.731469014,14.173185,8.107720062,0.0023,0.731469014,0.784851306
Fiji,2014,State,Contemporary,0,859178,9500,0.835684803,13.6637314,9.159047078,0.0111,0.835684803,0.875459536
Gabon,2014,State,Contemporary,0,1751000,6700,0.770007043,14.37569761,8.809862805,0.0038,0.770007043,0.812786446
Gambia,2014,State,Contemporary,0,1849000,800,0.619822657,14.43015551,6.684611728,0.0004,0.619822657,0.697769432
Germany,2014,State,Contemporary,0,81083600,220996,0.799815082,18.21099128,12.30589988,0.0027,0.799815082,0.793711819
Ghana,2014,State,Contemporary,0,27043093,15500,0.69585468,17.11294219,9.648595303,0.0006,0.69585468,0.711640251
Guinea,2014,State,Contemporary,0,10628972,19300,0.749571388,16.17909404,9.867860375,0.0018,0.749571388,0.77146437
Guinea-Bissau,2014,State,Contemporary,0,1788000,6450,0.766247218,14.39660823,8.77183541,0.0036,0.766247218,0.809440078
Guyana,2014,State,Contemporary,0,746900,3270,0.765476987,13.52368659,8.092545264,0.0044,0.765476987,0.820486077
Haiti,2014,State,Contemporary,0,10911819,2000,0.608467189,16.20535707,7.60090246,0.0002,0.608467189,0.657053091
Honduras,2014,State,Contemporary,0,8725111,80000,0.847800557,15.98171575,11.28978191,0.0092,0.847800557,0.864059359
Hungary,2014,State,Contemporary,0,9849000,78587,0.840314699,16.10288049,11.27196157,0.008,0.840314699,0.855693725
Iceland,2014,State,Contemporary,0,330610,230,0.60569595,12.70869471,5.438079309,0.0007,0.60569595,0.721356729
Ireland,2014,State,Contemporary,0,4609600,13871,0.768857472,15.34365164,9.537555609,0.003,0.768857472,0.799231082
Italy,2014,State,Contemporary,0,60788845,379138,0.842785873,17.92291686,12.84565553,0.0062,0.842785873,0.841064664
Jamaica,2014,State,Contemporary,0,2717991,3783,0.708573221,14.81540356,8.238272625,0.0014,0.708573221,0.757238057
Japan,2014,State,Contemporary,0,126865000,317913,0.800115302,18.65863409,12.66953304,0.0025,0.800115302,0.789057953
Kazakhstan,2014,State,Contemporary,0,17519000,80500,0.812740776,16.67879656,11.29601246,0.0046,0.812740776,0.823268133
Kenya,2014,State,Contemporary,0,46749000,29120,0.70999381,17.66030342,10.2791805,0.0006,0.70999381,0.715798161
Kosovo,2014,State,Contemporary,0,1827231,3300,0.71861416,14.41831226,8.101677747,0.0018,0.71861416,0.771172747
Kyrgyzstan,2014,State,Contemporary,0,5944400,20400,0.781051859,15.59796016,9.92329018,0.0034,0.781051859,0.806617784
Latvia,2014,State,Contemporary,0,1980700,15266,0.820259405,14.49896088,9.633383412,0.0077,0.820259405,0.853620241
Lesotho,2014,State,Contemporary,0,2120000,2000,0.676905177,14.56692665,7.60090246,0.0009,0.676905177,0.736902158
Liberia,2014,State,Contemporary,0,4503000,2400,0.655521074,15.3202544,7.783224016,0.0005,0.655521074,0.708028755
Lithuania,2014,State,Contemporary,0,2904391,31940,0.848768012,14.88173429,10.37161442,0.011,0.848768012,0.875126499
Luxembourg,2014,State,Contemporary,0,562958,1512,0.723566414,13.2409603,7.321188557,0.0027,0.723566414,0.79289659
Madagascar,2014,State,Contemporary,0,24235000,21600,0.719858388,17.00330843,9.980448594,0.0009,0.719858388,0.733976235
Malawi,2014,State,Contemporary,0,16310431,6800,0.667428975,16.6073154,8.824677891,0.0004,0.667428975,0.695960002
Mali,2014,State,Contemporary,0,16259000,15150,0.715801549,16.60415716,9.625755811,0.0009,0.715801549,0.736264014
Malta,2014,State,Contemporary,0,445426,2127,0.762832041,13.00678641,7.662467815,0.0048,0.762832041,0.825487842
Mauritania,2014,State,Contemporary,0,3631775,20870,0.808037477,15.10523207,9.946068,0.0057,0.808037477,0.836256469
Mauritius,2014,State,Contemporary,0,1261208,2000,0.701930701,14.04758055,7.60090246,0.0016,0.701930701,0.764184581
Mozambique,2014,State,Contemporary,0,25727911,11200,0.678845198,17.06308699,9.323669057,0.0004,0.678845198,0.698068753
Namibia,2014,State,Contemporary,0,2280700,15200,0.812061613,14.63999297,9.629050707,0.0067,0.812061613,0.844978246
Nepal,2014,State,Contemporary,0,28037904,157753,0.829684244,17.14906787,11.9687858,0.0056,0.829684244,0.835021179
Netherlands,2014,State,Contemporary,0,16913200,46500,0.781485336,16.64360494,10.74720759,0.0027,0.781485336,0.794195001
New Zealand,2014,State,Contemporary,0,4603730,11951,0.759210619,15.3423774,9.388570236,0.0026,0.759210619,0.791009792
Nicaragua,2014,State,Contemporary,0,6134270,12000,0.745529983,15.62940164,9.392661929,0.002,0.745529983,0.775497731
Niger,2014,State,Contemporary,0,19268000,10700,0.687823698,16.77395625,9.27799902,0.0006,0.687823698,0.710067363
Nigeria,2014,State,Contemporary,0,183523000,162000,0.749158565,19.02785056,11.99535161,0.0009,0.749158565,0.73348115
Panama,2014,State,Contemporary,0,3764166,12000,0.76957659,15.14103688,9.392661929,0.0032,0.76957659,0.802466882
Papua New Guinea,2014,State,Contemporary,0,7398500,3100,0.651123547,15.81678783,8.03915739,0.0004,0.651123547,0.696204006
Poland,2014,State,Contemporary,0,38484000,192700,0.826097527,17.46575313,12.16888985,0.005,0.826097527,0.828234569
Qatar,2014,State,Contemporary,0,2344557,11800,0.793270531,14.66760703,9.37585481,0.005,0.793270531,0.828530943
Republic of Macedonia,2014,State,Contemporary,0,2065769,12850,0.806039071,14.54101311,9.46109909,0.0062,0.806039071,0.840908501
Republic of the Congo,2014,State,Contemporary,0,4671000,12000,0.758759898,15.35688374,9.392661929,0.0026,0.758759898,0.790433325
Rwanda,2014,State,Contemporary,0,10996891,35000,0.784711793,16.21312315,10.46310334,0.0032,0.784711793,0.802374499
Senegal,2014,State,Contemporary,0,13508715,18620,0.736441371,16.41884559,9.831991551,0.0014,0.736441371,0.75672282
Seychelles,2014,State,Contemporary,0,89949,650,0.765889314,11.40699812,6.476972363,0.0072,0.765889314,0.849777909
Sierra Leone,2014,State,Contemporary,0,6319000,10500,0.735589982,15.65907153,9.259130536,0.0017,0.735589982,0.766688777
Slovakia,2014,State,Contemporary,0,5421349,22610,0.792324769,15.50585524,10.02614757,0.0042,0.792324769,0.817701458
Slovenia,2014,State,Contemporary,0,2067463,8800,0.779958947,14.54183281,9.082507,0.0043,0.779958947,0.81886892
South Africa,2014,State,Contemporary,0,54002000,89535,0.76732771,17.80453164,11.40238489,0.0017,0.76732771,0.766570413
Spain,2014,State,Contemporary,0,46439864,220490,0.824935225,17.65366879,12.30360762,0.0047,0.824935225,0.825156083
Suriname,2014,State,Contemporary,0,534189,1840,0.741330914,13.18850499,7.517520851,0.0034,0.741330914,0.806825935
Sweden,2014,State,Contemporary,0,9784445,51765,0.814720868,16.09630444,10.85446952,0.0053,0.814720868,0.831431063
Tajikistan,2014,State,Contemporary,0,8354000,16300,0.75029851,15.93825102,9.698920387,0.002,0.75029851,0.775357092
Tanzania,2014,State,Contemporary,0,48829000,108400,0.782491986,17.70383496,11.59358337,0.0022,0.782491986,0.782394601
Timor L'este,2014,State,Contemporary,0,1212107,1332,0.674903605,14.00787073,7.194436851,0.0011,0.674903605,0.744815452
Togo,2014,State,Contemporary,0,7171000,9300,0.722007861,15.78555567,9.137769679,0.0013,0.722007861,0.753502098
Trinidad and Tobago,2014,State,Contemporary,0,1328019,4063,0.74963142,14.09919892,8.309676896,0.0031,0.74963142,0.800158866
Tunisia,2014,State,Contemporary,0,10982754,47800,0.803999368,16.21183678,10.77478092,0.0044,0.803999368,0.820146451
Turkmenistan,2014,State,Contemporary,0,4751120,22000,0.797346839,15.37389094,9.998797732,0.0046,0.797346839,0.823711469
Uganda,2014,State,Contemporary,0,34856813,46800,0.749314478,17.36675917,10.75363848,0.0013,0.749314478,0.755332769
Uzbekistan,2014,State,Contemporary,0,31022500,68000,0.776035669,17.25022331,11.12726298,0.0022,0.776035669,0.781698877
Venezuela,2014,State,Contemporary,0,30620404,123000,0.811006647,17.23717714,11.71993963,0.004,0.811006647,0.815556093
Zambia,2014,State,Contemporary,0,15473905,19500,0.733188796,16.55466561,9.878169745,0.0013,0.733188796,0.751989318
Zimbabwe,2014,State,Contemporary,0,13061239,50800,0.799209626,16.38515955,10.83565163,0.0039,0.799209626,0.8137159
Afghanistan,2014,State,Contemporary,1,27101365,331100,0.874649053,17.11509465,12.71017572,0.0122,0.874649053,0.881594775
Albania,2014,State,Contemporary,1,2893005,19750,0.816681849,14.87780631,9.89090877,0.0068,0.816681849,0.846401651
Algeria,2014,State,Contemporary,1,39500000,423500,0.869883295,17.49181123,12.95630879,0.0107,0.869883295,0.873572971
Angola,2014,State,Contemporary,1,24383301,117000,0.81892644,17.00940907,11.66992921,0.0048,0.81892644,0.825767492
Armenia,2014,State,Contemporary,1,3006800,261432,0.987736182,14.91638695,12.47392949,0.0869,0.987736182,1.011414185
Austria,2014,State,Contemporary,1,8602112,49800,0.818868381,15.96751831,10.81577026,0.0058,0.818868381,0.836690704
Azerbaijan,2014,State,Contemporary,1,9636300,381950,0.939775244,16.08104778,12.85304499,0.0396,0.939775244,0.957299827
Bahrain,2014,State,Contemporary,1,1316500,19460,0.86126489,14.09048726,9.876116356,0.0148,0.86126489,0.893432578
Bangladesh,2014,State,Contemporary,1,158763000,2753000,0.904930201,18.88292308,14.82820178,0.0173,0.904930201,0.903473107
Belarus,2014,State,Contemporary,1,9481000,461500,0.952502527,16.06480035,13.04223733,0.0487,0.952502527,0.971166013
Brazil,2014,State,Contemporary,1,204676000,2053480,0.877599717,19.1369388,14.53504647,0.01,0.877599717,0.869522639
Brunei,2014,State,Contemporary,1,393372,9950,0.889954872,12.88251101,9.20532783,0.0253,0.889954872,0.927668097
Burma,2014,State,Contemporary,1,54164000,478000,0.861258926,17.80752704,13.07736601,0.0088,0.861258926,0.86175031
Central African Republic,2014,State,Contemporary,1,4803000,3150,0.670448495,15.38475128,8.055157732,0.0007,0.670448495,0.718384741
Chad,2014,State,Contemporary,1,13606000,34850,0.774279644,16.42602143,10.45880842,0.0026,0.774279644,0.790267839
China,2014,State,Contemporary,1,1371230000,6927000,0.856052343,21.03897398,15.75093738,0.0051,0.856052343,0.828746463
Colombia,2014,State,Contemporary,1,48237500,1427448,0.92873909,17.69164728,14.17139879,0.0296,0.92873909,0.937915108
Croatia,2014,State,Contemporary,1,4267558,40550,0.843007405,15.26655232,10.61029106,0.0095,0.843007405,0.866219677
Cuba,2014,State,Contemporary,1,11238317,114500,0.856667266,16.23483966,11.6483301,0.0102,0.856667266,0.870459441
Cyprus,2014,State,Contemporary,1,858000,62750,0.973948869,13.66235938,11.04691386,0.0731,0.973948869,0.999240659
Democratic People's Republic of Korea,2014,State,Contemporary,1,25155000,7679000,1.062964937,17.04056724,15.85399989,0.3053,1.062964937,1.104355428
Democratic Republic of Afghanistan,2014,State,Contemporary,1,13000000,55000,0.80428841,16.38045992,10.91508846,0.0042,0.80428841,0.818522455
Democratic Republic of the Congo,2014,State,Contemporary,1,71246000,145400,0.782382694,18.08164924,11.88724384,0.002,0.782382694,0.777799242
Denmark,2014,State,Contemporary,1,5668743,82986,0.87366786,15.55047796,11.3264272,0.0146,0.87366786,0.8928274
Djibouti,2014,State,Contemporary,1,900000,33696,0.92520213,13.71015004,10.42513441,0.0374,0.92520213,0.953486953
Egypt,2014,State,Contemporary,1,89217300,1314500,0.893038874,18.30658552,14.08896692,0.0147,0.893038874,0.89322949
El Salvador,2014,State,Contemporary,1,6401240,42400,0.824044625,15.67200228,10.65490364,0.0066,0.824044625,0.844614183
Eritrea,2014,State,Contemporary,1,6738000,321750,0.950250947,15.7232737,12.68153013,0.0478,0.950250947,0.969862962
Estonia,2014,State,Contemporary,1,1313271,47750,0.925129953,14.08803153,10.77373435,0.0364,0.925129953,0.951534585
Ethiopia,2014,State,Contemporary,1,90077000,138000,0.769512971,18.31617542,11.83500896,0.0015,0.769512971,0.762341945
Finland,2014,State,Contemporary,1,5483533,270300,0.95163793,15.51726016,12.50728773,0.0493,0.95163793,0.972022319
France,2014,State,Contemporary,1,66162000,328057,0.830785572,18.00761684,12.70094265,0.005,0.830785572,0.82766596
Georgia,2014,State,Contemporary,1,3729500,189525,0.952419168,15.13178473,12.15227622,0.0508,0.952419168,0.974097343
Greece,2014,State,Contemporary,1,10903704,329720,0.923534835,16.20461311,12.70599909,0.0302,0.923534835,0.939336574
Guatemala,2014,State,Contemporary,1,16176133,98075,0.828542326,16.59904744,11.49348777,0.0061,0.828542326,0.839400261
India,2014,State,Contemporary,1,1274880000,4768857,0.841221198,20.96611789,15.37761721,0.0037,0.841221198,0.81149789
Indonesia,2014,State,Contemporary,1,255770000,1093537,0.834949876,19.35978916,13.90492795,0.0043,0.834949876,0.819124878
Iran,2014,State,Contemporary,1,78523400,913000,0.879261694,18.17890723,13.72449116,0.0116,0.879261694,0.878545509
Iraq,2014,State,Contemporary,1,36004552,800000,0.911072507,17.39915593,13.59236701,0.0222,0.911072507,0.919289981
Israel,2014,State,Contemporary,1,8358100,649500,0.981475453,15.93874169,13.38395812,0.0777,0.981475453,1.003492793
Jordan,2014,State,Contemporary,1,6759700,180500,0.913300585,15.72648907,12.10348606,0.0267,0.913300585,0.93119306
Kuwait,2014,State,Contemporary,1,3268431,46300,0.866838556,14.99982061,10.74289724,0.0142,0.866838556,0.890775292
Laos,2014,State,Contemporary,1,6802000,129100,0.891636139,15.73272724,11.76834258,0.019,0.891636139,0.90920438
Lebanon,2014,State,Contemporary,1,4104000,100000,0.904447597,15.22747267,11.51292546,0.0244,0.904447597,0.925244968
Libya,2014,State,Contemporary,1,6317000,47000,0.831319508,15.65875497,10.75790288,0.0074,0.831319508,0.851515066
Malaysia,2014,State,Contemporary,1,30658700,429900,0.883539634,17.23842703,12.9713079,0.014,0.883539634,0.890139772
Mexico,2014,State,Contemporary,1,121740000,418844,0.816697332,18.61739818,12.94525381,0.0034,0.816697332,0.806760411
Moldova,2014,State,Contemporary,1,3555200,65704,0.885210146,15.08392188,11.09291509,0.0185,0.885210146,0.90751161
Mongolia,2014,State,Contemporary,1,3028359,154200,0.951888056,14.92353145,11.94600574,0.0509,0.951888056,0.974232554
Montenegro,2014,State,Contemporary,1,620029,13084,0.880123865,13.33752153,9.479145389,0.0211,0.880123865,0.915976314
Morocco,2014,State,Contemporary,1,33337529,395800,0.874496016,17.32219432,12.88866431,0.0119,0.874496016,0.879830907
Norway,2014,State,Contemporary,1,5176998,83000,0.878806829,15.45973591,11.32659589,0.016,0.878806829,0.898527248
Oman,2014,State,Contemporary,1,4163869,47000,0.854052402,15.24195525,10.75790288,0.0113,0.854052402,0.876724821
Pakistan,2014,State,Contemporary,1,190485000,1447800,0.862575865,19.06508401,14.18555572,0.0076,0.862575865,0.852787036
Palestine,2014,State,Contemporary,1,4682467,56000,0.858932499,15.35933567,10.93310697,0.012,0.858932499,0.880280696
Paraguay,2014,State,Contemporary,1,7003406,189950,0.914485894,15.76190716,12.15451616,0.0271,0.914485894,0.932211262
Peru,2014,State,Contemporary,1,31151643,380000,0.875572132,17.25437755,12.84792653,0.0122,0.875572132,0.881500234
Philippines,2014,State,Contemporary,1,101821000,296500,0.805876033,18.43872693,12.5998025,0.0029,0.805876033,0.797396564
Portugal,2014,State,Contemporary,1,10477800,291505,0.918190527,16.16476929,12.58281244,0.0278,0.918190527,0.933872441
Romania,2014,State,Contemporary,1,19942642,198800,0.860260661,16.80837081,12.20005457,0.01,0.860260661,0.869131728
Russia,2014,State,Contemporary,1,146535614,3280000,0.91810256,18.80277906,15.00335398,0.0224,0.91810256,0.919763968
Saudi Arabia,2014,State,Contemporary,1,31521418,249000,0.850491287,17.26617781,12.42520818,0.0079,0.850491287,0.855091912
Serbia,2014,State,Contemporary,1,7114393,88355,0.865062957,15.77763047,11.38911807,0.0124,0.865062957,0.882607828
Singapore,2014,State,Contemporary,1,5469700,1021600,1.037491577,15.51473433,13.83688058,0.1868,1.037491577,1.067022218
Somalia,2014,State,Contemporary,1,11123000,44000,0.798264975,16.22452559,10.69194491,0.004,0.798264975,0.814680639
South Korea,2014,State,Contemporary,1,51431100,3730000,0.979482188,17.75575361,15.13191879,0.0725,0.979482188,0.998654026
South Sudan,2014,State,Contemporary,1,11892934,140000,0.86603212,16.291455,11.8493977,0.0118,0.86603212,0.879305883
Sri Lanka,2014,State,Contemporary,1,20675000,378100,0.896583286,16.8444358,12.84291399,0.0183,0.896583286,0.906843881
Sudan,2014,State,Contemporary,1,38435252,211800,0.831568913,17.46448562,12.26339771,0.0055,0.831568913,0.833805932
Switzerland,2014,State,Contemporary,1,8256000,257900,0.924239368,15.92645077,12.46032719,0.0312,0.924239368,0.941475369
Syria,2014,State,Contemporary,1,23309137,250000,0.865859088,16.96435599,12.4292162,0.0107,0.865859088,0.873595149
Taiwan,2014,State,Contemporary,1,23461562,1889000,0.984691995,16.97087398,14.45155815,0.0805,0.984691995,1.005987301
Thailand,2014,State,Contemporary,1,65104000,664560,0.870767254,17.99149655,13.40688045,0.0102,0.870767254,0.870574824
Turkey,2014,State,Contemporary,1,77695904,1036095,0.886735874,18.1683131,13.8509694,0.0133,0.886735874,0.887015784
Ukraine,2014,State,Contemporary,1,42836922,1035700,0.916758398,17.57291095,13.85058808,0.0242,0.916758398,0.924741497
United Arab Emirates,2014,State,Contemporary,1,9577000,100000,0.856768784,16.07487495,11.51292546,0.0104,0.856768784,0.871957227
United Kingdom,2014,State,Contemporary,1,64800000,234310,0.813035824,17.98681616,12.3644003,0.0036,0.813035824,0.809573629
United States,2014,State,Contemporary,1,321510000,2226635,0.861500057,19.58853921,14.61600204,0.0069,0.861500057,0.847252897
Uruguay,2014,State,Contemporary,1,3415866,25439,0.824488996,15.04394161,10.14403871,0.0074,0.824488996,0.851571641
Vietnam,2014,State,Contemporary,1,91812000,3522000,0.945395443,18.33525357,15.07453957,0.0384,0.945395443,0.955110324
Yemen,2014,State,Contemporary,1,25956000,137900,0.825555365,17.07191335,11.83428406,0.0053,0.825555365,0.831675869
Cahuilla,,Small Scale,Ethnographic,2,9000,400,0.906206305,9.104979856,5.991464547,0.0444,0.906206305,0.965002569
Caribs (Venezuela),,Small Scale,Ethnographic,2,15000,600,0.900231944,9.61580548,6.396929655,0.04,0.900231944,0.957911629
Huaxia,,Small Scale,Ethnographic,2,54000,11500,1.065422194,10.89673933,9.350102314,0.213,1.065422194,1.076868149
Huli ,,Small Scale,Ethnographic,2,750,100,1.036951643,6.620073207,4.605170186,0.1333,1.036951643,1.04214214
Huron,,Small Scale,Ethnographic,2,30000,600,0.839702688,10.30895266,6.396929655,0.02,0.839702688,0.912543016
Iroqouis,,Small Scale,Ethnographic,2,18000,600,0.883480611,9.798127037,6.396929655,0.0333,0.883480611,0.945763954
Mae Enga,1930,Small Scale,Ethnographic,2,525,70,1.039055888,6.263398263,4.248495242,0.1333,1.039055888,1.04214214
Maori,1771,Small Scale,Ethnographic,2,7500,350,0.909757887,8.9226583,5.857933154,0.0467,0.909757887,0.968303989
Miyanmin (1938),1938,Small Scale,Ethnographic,2,1500,200,1.033449366,7.313220387,5.298317367,0.1333,1.033449366,1.04214214
Modoc,1850,Small Scale,Ethnographic,2,1500,100,0.938669345,7.313220387,4.605170186,0.0667,0.938669345,0.992784203
Mohave,1850,Small Scale,Ethnographic,2,4500,100,0.816076122,8.411832676,4.605170186,0.0222,0.816076122,0.919298115
Nandi,,Small Scale,Ethnographic,2,42420,4710,1.005780516,10.65537523,8.457443187,0.111,1.005780516,1.028875352
Parantintin,,Small Scale,Ethnographic,2,375,20,0.886675125,5.926926026,2.995732274,0.0533,0.886675125,0.977397349
Tahiti,,Small Scale,Ethnographic,2,53049,7760,1.031004027,10.87897129,8.956737613,0.1463,1.031004027,1.048924338
Timacua,,Small Scale,Ethnographic,2,39750,1500,0.903910855,10.59036512,7.313220387,0.0377,0.903910855,0.954012433
Turkana,,Small Scale,Ethnographic,2,35000,2000,0.94239995,10.46310334,7.60090246,0.0571,0.94239995,0.982129108
W. Abenaki,,Small Scale,Ethnographic,2,7500,100,0.76935545,8.9226583,4.605170186,0.0133,0.76935545,0.887006816
Zulu,1820,Small Scale,Ethnographic,2,250000,15000,0.955436843,12.4292162,9.61580548,0.06,0.955436843,0.985489119
Akkad,-1800,State,Historical,3,30000,5400,1.052840205,10.30895266,8.594154233,0.18,1.052840205,1.064266327
"Canaanites, Kadesh, Megiddo, Mitanni (Asiatics)",,State,Historical,3,70000,12500,1.04811285,11.15625052,9.433483923,0.1786,1.04811285,1.063672875
Egypt (1250-1300BC),-1300,State,Historical,3,3900000,100000,0.907486098,15.17648711,11.51292546,0.0256,0.907486098,0.928553057
Former Qin,600,State,Historical,3,15000000,870000,0.964427361,16.52356076,13.67624849,0.058,0.964427361,0.983153219
Gauls,-50,State,Historical,3,5000000,300000,0.964091607,15.42494847,12.61153775,0.06,0.964091607,0.985489119
Greek City States,-400,State,Historical,3,20000,5200,1.092134407,9.903487553,8.556413905,0.26,1.092134407,1.092016952
Jin Dynasty,300,State,Historical,3,35000000,80000,0.780002176,17.37085862,11.28978191,0.0023,0.780002176,0.783994071
Mauryan Empire,-280,State,Historical,3,50000000,600000,0.877968189,17.72753356,13.30468493,0.012,0.877968189,0.880488997
Persian empire (Achaemenid),-400,State,Historical,3,49000000,2500000,0.959564546,17.70733086,14.73180129,0.051,0.959564546,0.974368692
Roman Republic Average,-150,State,Historical,3,30000000,200000,0.840206984,17.21670794,12.20607265,0.0067,0.840206984,0.844996401
Roman Empire Average,100,State,Historical,3,75000000,400000,0.835975654,18.13299867,12.89921983,0.0053,0.835975654,0.831900059
Sassanian,400,State,Historical,3,25000000,20000,0.714027079,17.03438638,9.903487553,0.0008,0.714027079,0.728446306
Seleucid Empire,280,State,Historical,3,30000000,200000,0.840206984,17.21670794,12.20607265,0.0067,0.840206984,0.844996401
Seljuk Turks,1200,State,Historical,3,160000,22500,1.02485762,11.98292909,10.02127059,0.1406,1.02485762,1.046033573
Shang Dynasty,1000,State,Historical,3,13500000,150000,0.863548743,16.41820024,11.91839057,0.0111,0.863548743,0.875758316
Sui Dynasty,200,State,Historical,3,45000000,1130000,0.919140548,17.62217305,13.93772819,0.0251,0.919140548,0.927196665
Tang Dynasty,800,State,Historical,3,50000000,760800,0.891362091,17.72753356,13.54212579,0.0152,0.891362091,0.895245777
USSR,1960,State,Historical,3,265000000,115000,0.717300365,19.39524038,11.65268741,0.0004,0.717300365,0.697915535
Xiongnu,50,State,Historical,3,3000000,3000,0.688333687,14.91412285,8.006367568,0.001,0.688333687,0.739914002
Zhou Dynasty,-700,State,Historical,3,30000000,45000,0.753567024,17.21670794,10.71441777,0.0015,0.753567024,0.76121552
Zulu State (1879),1879,State,Historical,3,375000,50000,1.019059498,12.8346813,10.81977828,0.1333,1.019059498,1.04214214
Rome Tiberius 24 ,24,State,Historical,3,45500000,300000,0.843354811,17.63322288,12.61153775,0.0066,0.843354811,0.84434306
Rome Trajan 107,107,State,Historical,3,50000000,454000,0.86223941,17.72753356,13.02585248,0.0091,0.86223941,0.863470004
Rome Hadrian 135,135,State,Historical,3,57000000,443000,0.854539733,17.85856183,13.00132505,0.0078,0.854539733,0.854118773
Rome Marcus Aurelius 166,166,State,Historical,3,61400000,454000,0.85236413,17.93292039,13.02585248,0.0074,0.85236413,0.851144644
Rome Septimus Severus 211,211,State,Historical,3,45000000,502000,0.873097827,17.62217305,13.1263554,0.0112,0.873097827,0.876003077
Rome Aurelian 275,275,State,Historical,3,40000000,524000,0.881423035,17.50439001,13.16924696,0.0131,0.881423035,0.885911291
Rome Diocletian 305,305,State,Historical,3,40000000,584000,0.887616298,17.50439001,13.27765626,0.0146,0.887616298,0.892659736
Rome Constantine 1 337,337,State,Historical,3,39300000,400000,0.866871109,17.48673508,12.89921983,0.0102,0.866871109,0.870398165
Mughal Empire,1600,State,Historical,3,50000000,500000,0.867683535,17.72753356,13.12236338,0.01,0.867683535,0.869323152
Byzantine Empire,300,State,Historical,3,17000000,311000,0.895388372,16.6487239,12.64754819,0.0183,0.895388372,0.906865853
Byzantine Empire,457,State,Historical,3,16000000,303000,0.897089741,16.58809928,12.62148808,0.0189,0.897089741,0.909062685
Byzantine Empire,518,State,Historical,3,19000000,271000,0.881231753,16.75994954,12.5098741,0.0143,0.881231753,0.891202394
Byzantine Empire,540,State,Historical,3,26000000,341000,0.878499972,17.0736071,12.73963776,0.0131,0.878499972,0.885984082
Byzantine Empire,565,State,Historical,3,19000000,150000,0.845940266,16.75994954,11.91839057,0.0079,0.845940266,0.855056638
Byzantine Empire,641,State,Historical,3,10500000,109000,0.857223149,16.16688582,11.59910316,0.0104,0.857223149,0.871601259
Byzantine Empire,668,State,Historical,3,10000000,109000,0.859818,16.11809565,11.59910316,0.0109,0.859818,0.87458314
Byzantine Empire,773,State,Historical,3,7000000,80000,0.85965014,15.76142071,11.28978191,0.0114,0.85965014,0.87748698
Byzantine Empire,1025,State,Historical,3,12000000,110000,0.850761123,16.30041721,11.60823564,0.0092,0.850761123,0.864044376
Byzantine Empire,1077,State,Historical,3,8000000,25000,0.779250962,15.8949521,10.1266311,0.0031,0.779250962,0.801347244
Byzantine Empire,1081,State,Historical,3,7000000,20000,0.771695229,15.76142071,9.903487553,0.0029,0.771695229,0.796336248
Byzantine Empire,1143,State,Historical,3,10000000,50000,0.811467072,16.11809565,10.81977828,0.005,0.811467072,0.828150267
Byzantine Empire,1176,State,Historical,3,11500000,50000,0.804491232,16.25785759,10.81977828,0.0043,0.804491232,0.820087698
Byzantine Empire,1282,State,Historical,3,5000000,20000,0.788528609,15.42494847,9.903487553,0.004,0.788528609,0.815315024
Byzantine Empire,1320,State,Historical,3,2000000,4000,0.727398456,14.50865774,8.29404964,0.002,0.727398456,0.776700073
Byzantine Empire,1321,State,Historical,3,2000000,3000,0.707570153,14.50865774,8.006367568,0.0015,0.707570153,0.76121552
Byzantine Empire,1453,State,Historical,3,4500000,1500,0.624869678,15.31958795,7.313220387,0.0003,0.624869678,0.685145371
Gupta Empire,400,State,Historical,3,70000000,580000,0.859737821,18.0640058,13.27078338,0.0083,0.859737821,0.857954668
Nanda Empire,-300,State,Historical,3,30000000,280000,0.859750339,17.21670794,12.54254488,0.0093,0.859750339,0.865134875
Iran Iran Iraq War,1980,State,Massive Conflict,1,45000000,800000,0.899542444,17.62217305,13.59236701,0.0178,0.899542444,0.905050202
Iraq Iran Iraq War,1980,State,Massive Conflict,1,15000000,1500000,0.997394055,16.52356076,14.22097567,0.1,0.997394055,1.021365646
Australia,1918,State,Massive Conflict,1,5000000,330000,0.97027057,15.42494847,12.70684793,0.066,0.97027057,0.992086001
Canada,1918,State,Massive Conflict,1,7200000,418035,0.962839727,15.78959158,12.94332044,0.0581,0.962839727,0.983224873
India,1918,State,Massive Conflict,1,315100000,1524187,0.84301715,19.56840061,14.23697171,0.0048,0.84301715,0.826232998
New Zealand,1918,State,Massive Conflict,1,1100000,100471,0.990390881,13.91082074,11.51762441,0.0913,0.990390881,1.014907843
South Africa,1918,State,Massive Conflict,1,6000000,74196,0.863315051,15.60727003,11.21446552,0.0124,0.863315051,0.882342692
United Kingdom,1918,State,Massive Conflict,1,45400000,5704416,1.010507281,17.63102266,15.55675117,0.1256,1.010507281,1.0378202
Belgium,1918,State,Massive Conflict,1,7400000,267000,0.932827865,15.81699056,12.49500394,0.0361,0.932827865,0.951022548
France,1918,State,Massive Conflict,1,39600000,8410000,1.040591298,17.49433968,15.94493203,0.2124,1.040591298,1.076659316
Italy,1918,State,Massive Conflict,1,35600000,5615000,1.023730444,17.3878562,15.54095215,0.1577,1.023730444,1.054470002
Montenegro,1918,State,Massive Conflict,1,500000,50000,0.996718618,13.12236338,10.81977828,0.1,0.996718618,1.021365646
Portugal,1918,State,Massive Conflict,1,6000000,65166,0.855000184,15.60727003,11.08469314,0.0109,0.855000184,0.874363728
Romania,1918,State,Massive Conflict,1,7500000,750000,0.997279952,15.83041358,13.52782849,0.1,0.997279952,1.021365646
Russia,1918,State,Massive Conflict,1,175000000,12000000,0.977853153,18.98029653,16.30041721,0.0686,0.977853153,0.994743866
Serbia,1918,State,Massive Conflict,1,4500000,707343,1.026711464,15.31958795,13.46927098,0.1572,1.026711464,1.054218114
USA,1918,State,Massive Conflict,1,92000000,47438226,1.087099271,18.33729914,17.67493892,0.5156,1.087099271,1.145631876
Austria-Hungary,1918,State,Massive Conflict,1,51400000,7800000,1.021064941,17.75514873,15.86963429,0.1518,1.021064941,1.051623905
Bulgaria,1918,State,Massive Conflict,1,5500000,1200000,1.047492705,15.52025865,13.99783211,0.2182,1.047492705,1.0786947
German Empire,1918,State,Massive Conflict,1,64900000,11000000,1.026938159,17.98835818,16.21340583,0.1695,1.026938159,1.059794363
Ottoman Empire,1918,State,Massive Conflict,1,21300000,2850000,1.014705128,16.87421763,14.86282955,0.1338,1.014705128,1.042398587
Albania,1945,State,Massive Conflict,1,1073000,70000,0.966138993,13.88596902,11.15625052,0.0652,0.966138993,0.991279508
Australia,1945,State,Massive Conflict,1,6968000,730000,1.000221277,15.7568388,13.50079981,0.1048,1.000221277,1.024698915
Belgium,1945,State,Massive Conflict,1,8387000,650000,0.981311217,15.94219345,13.38472764,0.0775,0.981311217,1.003304398
Bulgaria,1945,State,Massive Conflict,1,6458000,99662,0.878082674,15.68083023,11.50953974,0.0154,0.878082674,0.896130905
Canada,1945,State,Massive Conflict,1,11267000,251000,0.904870489,16.23738866,12.43320822,0.0223,0.904870489,0.919457852
China,1945,State,Massive Conflict,1,517568000,4300000,0.87385775,20.06465148,15.27412558,0.0083,0.87385775,0.85811663
Czechoslovakia,1945,State,Massive Conflict,1,14612000,1500000,0.998978479,16.49735367,14.22097567,0.1027,0.998978479,1.023241057
Denmark,1945,State,Massive Conflict,1,3795000,8650,0.747553928,15.14919497,9.0653146,0.0023,0.747553928,0.783840229
Estonia,1945,State,Massive Conflict,1,1134000,15000,0.851811786,13.94126176,9.61580548,0.0132,0.851811786,0.886512208
Ethiopia,1945,State,Massive Conflict,1,17700000,800000,0.94983649,16.6890752,13.59236701,0.0452,0.94983649,0.966138562
Finland,1945,State,Massive Conflict,1,3700000,340000,0.991561875,15.12384338,12.7367009,0.0919,0.991561875,1.015338021
France,1945,State,Massive Conflict,1,41680000,5000000,1.007918946,17.54553196,15.42494847,0.12,1.007918946,1.034461201
Germany,1945,State,Massive Conflict,1,69300000,6957000,0.997830339,18.05395546,15.7552589,0.1004,0.997830339,1.021643697
Greece,1945,State,Massive Conflict,1,7222000,414000,0.962039562,15.79264248,12.93362125,0.0573,0.962039562,0.98234773
Hungary,1945,State,Massive Conflict,1,9129000,350000,0.937495803,16.02696672,12.76568843,0.0383,0.937495803,0.955072597
India,1945,State,Massive Conflict,1,377800000,2500000,0.860325772,19.74987551,14.73180129,0.0066,0.860325772,0.844556502
Italy,1945,State,Massive Conflict,1,44394000,3750000,0.987970497,17.60861488,15.1372664,0.0845,0.987970497,1.009370796
Japan,1945,State,Massive Conflict,1,71380000,6095000,0.988883621,18.08352828,15.62297932,0.0854,0.988883621,1.010134136
Latvia,1945,State,Massive Conflict,1,1994500,34000,0.875067245,14.50590395,10.4341158,0.017,0.875067245,0.902394391
Lithuania,1945,State,Massive Conflict,1,2575000,33000,0.857901194,14.76136009,10.40426284,0.0128,0.857901194,0.884550873
Netherlands,1945,State,Massive Conflict,1,8729000,87000,0.853025363,15.98216137,11.3736634,0.01,0.853025363,0.869120671
Norway,1945,State,Massive Conflict,1,2945000,4000,0.708501941,14.89561938,8.29404964,0.0014,0.708501941,0.755943739
Poland,1945,State,Massive Conflict,1,34849000,308000,0.857821129,17.366535,12.63785506,0.0088,0.857821129,0.861839657
Romania,1945,State,Massive Conflict,1,15970000,975000,0.967653625,16.58622252,13.79019275,0.0611,0.967653625,0.98668886
South Africa,1945,State,Massive Conflict,1,10160000,140000,0.874485584,16.133969,11.8493977,0.0138,0.874485584,0.889052994
Soviet Union,1945,State,Massive Conflict,1,188793000,20000000,1.000766508,19.05616173,16.81124283,0.1059,1.000766508,1.025496857
UK,1945,State,Massive Conflict,1,47760000,5090000,1.001165893,17.68169903,15.44278839,0.1066,1.001165893,1.02592825
USA,1945,State,Massive Conflict,1,131028000,12123000,0.993537988,18.6909216,16.31061503,0.0925,0.993537988,1.015823991
Yugoslavia,1945,State,Massive Conflict,1,15490000,156000,0.858745472,16.55570521,11.95761129,0.0101,0.858745472,0.869753868
